Emp_ID,Name_Prefix,First_Name,MI,Last_Name,Gender,E_Mail,Father's_Name,Mother's_Name,Mother's_Maiden_Name,Date_of_Birth,Age,Weight_in_Kgs.,Date_of_Joining,Salary,Last_%_Hike,SSN,Phone_No._,Place_Name,County,City,State,Zip,Region,User_Name
969964,Hon.,Janice,S,Parker,F,janice.parker@yahoo.com,Paul_Parker,Alice_Parker,Perez,1/12/1980,37.57,56,8/23/2016,147641,25%,733-26-1976,314-842-5984,Whiteman_Air_Force_Base,Johnson,Whiteman_Air_Force_Base,MO,65305,Midwest,jsparker
890290,Hon.,Julia,S,Scott,F,julia.scott@apple.com,Lawrence_Scott,Amy_Scott,King,7/15/1959,58.08,56,2/23/2005,141518,3%,251-99-1941,423-939-1010,Nashville,Davidson,Nashville,TN,37219,South,jsscott
278556,Prof.,Richard,Y,Mitchell,M,richard.mitchell@verizon.net,Peter_Mitchell,Andrea_Mitchell,Flores,7/28/1993,24.02,81,8/18/2016,122226,14%,013-94-5886,205-621-5884,Ohatchee,Calhoun,Ohatchee,AL,36271,South,rymitchell
639892,Mr.,Jose,K,Hill,M,jose.hill@hotmail.com,Carlos_Hill,Anna_Hill,Hayes,10/8/1994,22.82,89,7/9/2016,129774,15%,171-86-3825,228-245-5000,Biloxi,Harrison,Biloxi,MS,39532,South,jkhill
528673,Hon.,Paul,V,Watson,M,paul.watson@hotmail.com,Carl_Watson,Anna_Watson,Bennett,3/9/1959,58.43,60,6/26/1995,145235,15%,286-15-9671,270-556-7711,Blue_River,Floyd,Blue_River,KY,41607,South,pvwatson
528674,Mr.,Fred,R,Watson,M,fred.watson@hotmail.com,Carl_Watson,Anna_Watson,Bennett,3/9/1959,58.43,60,6/26/1995,149235,15%,286-15-9673,270-556-7711,Blue_River,Floyd,Blue_River,KY,41607,South,frwatson
940922,Hon.,Melissa,X,Butler,F,melissa.butler@hotmail.com,Robert_Butler,Anne_Butler,Jackson,11/14/1994,22.72,55,2/5/2017,167631,30%,301-15-9149,308-827-9016,Maxwell,Lincoln,Maxwell,NE,69151,Midwest,mxbutler
940922,Hon.,Melissa,X,Butler,F,melissa.butler@hotmail.com,Robert_Butler,Anne_Butler,Jackson,11/14/1994,22.72,55,2/5/2017,167631,30%,301-15-9149,308-827-9016,Maxwell,Lincoln,Maxwell,NE,,Midwest,mxbutler
917937,,,,,,,,,,,,,,,,,,,,,,,,
400173,Ms.,Dorothy,K,Edwards,F,dorothy.edwards@hotmail.co.uk,Dennis_Edwards,Betty_Edwards,Howard,1/19/1984,33.55,57,12/31/2013,179017,1%,543-81-2192,215-902-6888,Philadelphia,Philadelphia,Philadelphia,PA,19132,Northeast,dkedwards
758872,Mr.,Henry,Y,Jenkins,M,henry.jenkins@hotmail.com,Albert_Jenkins,Beverly_Jenkins,Murphy,11/6/1984,32.75,70,6/21/2017,102384,11%,499-29-3125,314-731-7135,Riverside,Platte,Riverside,MO,64150,Midwest,hyjenkins
528674,Mr.,Ernest,D,Martinez,M,ernest.martinez@gmail.com,Ryan_Martinez,Beverly_Martinez,Hill,11/9/1989,27.73,53,1/24/2016,172098,8%,672-48-7749,479-951-4138,Eureka_Springs,Carroll,Eureka_Springs,AR,72632,South,edmartinez
702813,Dr.,Tammy,B,Young,F,tammy.young@comcast.net,Andrew_Young,Brenda_Young,Robinson,3/22/1979,38.38,55,4/25/2015,93650,7%,771-02-7046,231-290-3075,Alma,Gratiot,Alma,MI,48801,Midwest,tbyoung
495141,Ms.,Rebecca,A,Stewart,F,rebecca.stewart@gmail.com,Roger_Stewart,Carol_Stewart,Cox,8/11/1961,56,55,4/10/1983,160043,9%,202-84-8294,209-233-7631,Independence,Inyo,Independence,CA,93526,West,rastewart
158666,Ms.,Martha,G,Washington,F,martha.washington@aol.com,Todd_Washington,Carolyn_Washington,Reed,3/28/1991,26.35,54,3/3/2017,116629,25%,416-67-0297,405-945-0242,Nardin,Kay,Nardin,OK,74646,South,mgwashington
870820,Ms.,Elizabeth,Q,Jackson,F,elizabeth.jackson@aol.com,Scott_Jackson,Catherine_Jackson,Jackson,8/15/1964,52.99,56,1/19/2005,85420,24%,660-24-4434,603-568-6118,Rochester,Strafford,Rochester,NH,3867,Northeast,eqjackson
456747,Hon.,Melissa,X,Butler,,,,,,,,,,,,,,,,,,,,
940922,Mr.,Todd,H,Hall,,,,,,,,,,,,,,,,,,,,
407061,Hon.,Diana,T,Peterson,F,diana.peterson@hotmail.co.uk,Jonathan_Peterson,Christina_Peterson,Ross,11/13/1987,29.73,60,2/17/2014,43010,4%,512-33-6767,479-783-5656,Eureka_Springs,Carroll,Eureka_Springs,AR,72632,South,dtpeterson
162402,Ms.,Cheryl,O,Miller,F,cheryl.miller@ntlworld.com,Gerald_Miller,Christine_Miller,Mitchell,4/20/1985,32.29,48,7/30/2007,64143,3%,287-15-4772,270-880-3858,Bays,Breathitt,Bays,KY,41310,South,comiller
262382,Hon.,Amanda,M,Hughes,F,amanda.hughes@rediffmail.com,Roy_Hughes,Cynthia_Hughes,Bryant,7/29/1982,35.02,40,4/19/2007,114257,22%,311-35-2540,225-544-9700,Baton_Rouge,East_Baton_Rouge,Baton_Rouge,LA,70833,South,amhughes
227922,Hon.,Christopher,D,Nelson,M,christopher.nelson@aol.com,Jeffrey_Nelson,Cynthia_Nelson,Sanders,3/29/1960,57.37,62,11/8/1997,190765,0%,120-98-6155,480-946-9780,Willow_Beach,Mohave,Willow_Beach,AZ,86445,West,cdnelson
917395,Hon.,Christopher,D,Nelson,M,christopher.nelson@aol.com,Jeffrey_Nelson,Cynthia_Nelson,Sanders,3/29/1960,57.37,62,11/8/1997,190765,0%,120-98-6155,480-946-9780,Willow_Beach,Mohave,Willow_Beach,AZ,86445,West,cdnelson
917395,Hon.,Christopher,D,Nelson,M,christopher.nelson@aol.com,Jeffrey_Nelson,Cynthia_Nelson,Sanders,3/29/1960,57.37,62,11/8/1997,190765,0%,120-98-6155,480-946-9780,Willow_Beach,Mohave,Willow_Beach,AZ,86445,West,cdnelson
917395,Mr.,William,G,Hernandez,M,william.hernandez@rediffmail.com,Peter_Hernandez,Deborah_Hernandez,Jones,7/22/1967,50.05,50,3/21/2000,73734,22%,629-31-9010,239-276-0532,Saint_Cloud,Miami-Dade,Miami,FL,34771,South,wghernandez
806955,Ms.,Margaret,N,Brooks,F,margaret.brooks@gmail.com,Johnny_Brooks,Debra_Brooks,Robinson,6/27/1992,25.1,56,8/26/2016,43867,9%,057-02-6958,303-960-0117,Haswell,Kiowa,Haswell,CO,81045,West,mnbrooks
951225,Ms.,Margaret,N,Brooks,F,margaret.brooks@gmail.com,Johnny_Brooks,Debra_Brooks,Robinson,6/27/1992,25.1,56,8/26/2016,43867,9%,057-02-6958,303-960-0117,Haswell,Kiowa,Haswell,CO,81045,West,mnbrooks
951225,Mrs.,Pamela,X,Wright,F,pamela.wright@aol.com,Terry_Wright,Debra_Wright,Williams,4/14/1996,21.3,47,6/9/2017,149262,9%,459-99-9201,307-329-8832,Banner,Sheridan,Banner,WY,82832,West,pxwright
879753,Mrs.,Linda,R,Moore,F,linda.moore@gmail.com,Howard_Moore,Diana_Moore,Smith,8/18/1991,25.96,40,5/15/2017,113256,18%,286-15-5442,215-793-7095,Albion,Erie,Albion,PA,16401,Northeast,lrmoore
765850,Mr.,Aaron,N,Price,M,aaron.price@bp.com,Michael_Price,,Torres,2/10/1969,48.49,56,7/3/1997,54402,0%,491-29-5152,219-287-8926,Eckerty,Crawford,Eckerty,IN,47116,Midwest,anprice
218791,Mr.,Antonio,R,Roberts,M,antonio.roberts@hotmail.com,Timothy_Roberts,Diana_Roberts,Rodriguez,8/27/1995,21.93,82,5/1/2017,181646,30%,281-15-7944,205-267-7304,Mc_Calla,Jefferson,Mc_Calla,AL,35111,South,arroberts
750173,Mr.,Antonio,R,Roberts,M,antonio.roberts@hotmail.com,Timothy_Roberts,Diana_Roberts,Rodriguez,8/27/1995,21.93,82,5/1/2017,181646,30%,,205-267-7304,Mc_Calla,Jefferson,Mc_Calla,AL,35111,South,arroberts
750173,Ms.,Deborah,E,Smith,F,deborah.smith@yahoo.com,Richard_Smith,Diana_Smith,Bennett,10/31/1977,39.77,54,3/4/2002,52767,28%,173-86-6203,907-279-8694,Atqasuk,North_Slope,Atqasuk,AK,99791,West,desmith
867084,Ms.,Frances,P,Watson,F,frances.watson@outlook.com,Adam_Watson,Diana_Watson,Jones,1/30/1961,56.53,42,8/20/2010,46945,22%,305-37-1946,406-530-8069,Trego,Lincoln,Trego,MT,59934,West,fpwatson
687017,Ms.,Frances,P,Watson,F,frances.watson@outlook.com,Adam_Watson,Diana_Watson,Jones,1/30/1961,56.53,42,8/20/2010,46945,22%,305-37-1946,,Trego,Lincoln,Trego,MT,59934,West,fpwatson
528674,Ms.,Anne,A,Perez,F,anne.perez@sbcglobal.net,Douglas_Perez,Doris_Perez,Bailey,5/5/1958,59.27,48,7/28/2003,114426,9%,594-99-9091,423-837-3338,Nashville,Davidson,Nashville,TN,37219,South,aaperez
